num_envs,num_actors,num_dofs,num_bodies,power_draw
2048,1,2,3,0.8027388285
4096,1,2,3,0.978526486
8192,1,2,3,1.657235351
16384,1,2,3,2.692911964
32768,1,2,3,5.267271639